id,Rede,Nome,Localizado em,Endereço,Bairro,CEP,Tipo,Latitude,Longitude
Hospital_10.034.921,,Hosp Mun Josanias Castanha Braga,Rua,"R Euzebio Coghi, 841",Jardim Roschel,04883-290,Hospital,-23.824773,-46.726643
Hospital_10.034.930,,Hospital Municipal Guarapiranga,Rua,"Estr Da Riviera, 4742",Riviera Paulista,04916-000,Hospital,-22.738192,-47.659055
Hospital_10.034.931,,Upa Pedreira Dr Cesar Antunes Da Rocha,Rua,"Av Nossa Senhora Do Sabara, 4901",Vila Emir,04447-021,Hospital,-23.69041,-46.678172
Hospital_10.034.942,,Clinica Infantil Santa Isabella,Rua,"R Verbo Divino, 246",Granja Julieta,04719-000,Hospital,-23.637001,-46.699033
Hospital_10.034.947,,Hospital Sancta Maggiore,Rua,"R Francisco Tramontano, 100",Real Parque,05686-902,Hospital,-23.616626,-46.701954
Hospital_10.034.949,,Impar Servicos Hospitalares Filial Santa Paula,Rua,"Av Santo Amaro, 2468",Brooklin Paulista,04556-901,Hospital,-23.605637,-46.675944
Hospital_10.034.952,,Pronto Socorro Especializado Bucal Vita,Rua,"R Domingos De Moraes, 1745",Vila Mariana,04009-003,Hospital,-23.591685,-46.635676
Hospital_10.034.953,,Hospital Municipal Brigadeiro,Rua,"Av Brigadeiro Luis Antonio, 4805",Jardim Paulista,01401-002,Hospital,-23.582861,-46.667382
Hospital_10.034.955,,Hospital Estadual De Campanha Covid 19 Ibirapuera,Rua,"R Abilio Soares, 1300",Paraiso,04005-004,Hospital,-23.580203,-46.656036
Hospital_10.034.956,,Bla Servicos Hospitalares,Rua,"Brig Luis Antonio, 3767",Jardim Paulista,01401-001,Hospital,-23.577523,-46.659079
Hospital_10.034.958,,Jml Servicos Hospitalares,Rua,"R Jose Maria Lisboa, 659",Jardim Paulista,01423-001,Hospital,-23.568102,-46.658378
Hospital_10.034.959,,Hospital Municipal Bela Vista Santa Dulce Dos Pobres,Rua,"R Antonio Carlos, 122",Consolacao,01309-010,Hospital,-23.557393,-46.656243
Hospital_10.034.961,,Clinica Odontologica Sorriso Cristal,Rua,"Av Waldemar Carlos Pereira, 1101",Vila Talarico,03533-003,Hospital,-23.544508,-46.515573
Hospital_10.034.968,,Hospital Santa Carmela,Rua,"Av Pompeia, 1326",Vila Pompeia,05022-001,Hospital,-22.757203,-47.605425
Hospital_10.034.969,,Hospital Sao Camilo Pompeia 2,Rua,"R Barao Do Bananal, 1086",Vila Pompeia,05024-000,Hospital,-23.533622,-46.689224
Hospital_10.034.975,,Prime Jbr Medical Group,Rua,"Brigadeiro Gaviao Peixoto, 604",Lapa,05078-000,Hospital,-23.524936,-46.715821
Hospital_10.034.978,,Hospital De Campanha Covid 19 Sms Sp Anhembi P 35,Rua,"Av Olavo Fontoura, 1209",Santana,02012-021,Hospital,-23.516514,-46.645168
Hospital_10.034.984,,Pronto Socorro Especializado Seisa Assistencia Medica,Rua,"Av Sao Miguel, 9248",Sao Miguel Paulista,08070-000,Hospital,-23.493531,-46.449419
Hospital_10.034.985,,Hospital Municipal Brasilandia,Rua,"Av Michihisa Murata, 150",Jardim Maristela,02806-160,Hospital,-23.475515,-46.696427
Hospital_10.073.359,,Hospital E Pronto Atendimento Sancta Maggiore Russia,Rua,"Av Professor Francisco Morato, 1133",Butanta,05513-100,Hospital,-23.580337,-46.710786
Hospital_10.073.368,,Barramed Casa De Apoio,Rua,"R Professor Giuliani, 202",Vila Invernada,03348-030,Hospital,-23.566338,-46.563675
Hospital_10.138.823,,Unidade de Internacao Covid Hospital Dia V Maria Guilherme,Rua,"R Joao Ventura Batista, 615",Vila Guilherme,02054-100,Hospital,-23.51623,-46.605387
Hospital_10.138.824,,Upa IIi Mooca,Rua,"R Dr Fomm, 261",Belenzinho,03163-030,Hospital,-23.546304,-46.594886
Hospital_10.138.825,,Hospital Dia Santo Amaro,Rua,"Av Adolfo Pinherio, 339",Santo Amaro,04753-060,Hospital,-23.649624,-46.704274
Hospital_10.138.826,,Unidade de Internacao Covid Hospital Dia Capela do Socorro,Rua,"R Cassio de Campos Nogueira, 2031",Jardim das Imbuias,04829-310,Hospital,-23.729939,-46.713445
Hospital_10.138.827,,Unidade de Internacao de Covid Hospital Dia M Boi Mirim II,Rua,"Av dos Funcionarios Publicos, 379",Jardim Vera Cruz,04962-000,Hospital,-23.733274,-46.783421
Hospital_10.138.828,,Unidade de Internacao de Covid Hospital Dia Lapa,Rua,"R Catao, 380",Vila Romana,05049-000,Hospital,-22.577974,-53.056864
Hospital_10.138.829,,Unidade de Internacao de Covid Hospital Dia Butanta,Rua,"R Joao Guerra, 247",Jardim Peri Peri,05535-100,Hospital,-23.586413,-46.732446
Hospital_10.138.830,,Unidade de Internacao de Covid Hospital Dia Campo Limpo,Rua,"Av Amadeu da Silva Samelo, 423",Jardim Martinica,05760-140,Hospital,-23.631641,-46.766162
Hospital_10.138.831,,Unidade de Internacao de Covid Hospital Dia M Boi Mirim I,Rua,"R Philipe de Vitry, 280",Jd Santa Josefina,05819-080,Hospital,49.02017,12.095035
Hospital_10.138.832,,Upa Cidade Tiradentes,Rua,"R Igarape da Diana Sn, 1",Conjunto Habitaciona,08472-170,Hospital,-23.571954,-46.403858
Hospital_10.138.833,,Aes Tatuape,Rua,"R Visconde de Itaboray, 60",C Aqzevedo,03308-050,Hospital,-23.540543,-46.573841
Hospital_10.139.065,,Hospital Dia Mooca,Rua,"R Farol Paulistano, 410",Vila Italia Alto da,03192-060,Hospital,-23.779579,-45.358564
Hospital_10.139.066,,Nasa Lab Matriz,Rua,"Pca Padua Dias, 30",Tatuape,03067-050,Hospital,-23.537647,-46.571969
Hospital_10.139.068,,Clinica Prisma de Psiquiatria e Psicologia,Rua,"R Padre Estevao Pernet, 625",Vila Gomes Cardim Ta,03315-000,Hospital,-23.542007,-46.568855
Hospital_10.139.070,,Upa Tatuape,Rua,"Av Celso Garcia, 4974",Tatuape,03064-000,Hospital,-23.533617,-46.564518
Hospital_10.139.071,,Upa Tatuape Celso Garcia,Rua,"Av Celso Garcia, 4974",Tatuape,03064-000,Hospital,-23.533617,-46.564518
Hospital_10.139.072,,Analia Franco Day Hospital de Cirurgia Plastica,Rua,"R Canuto Abreu, 65",Vila Gomes Cardim,03336-060,Hospital,-23.555542,-46.559941
Hospital_10.139.076,,Hospital Dia Penha,Rua,"Pca Nossa Senhora da Penha, 55",Penha,03632-010,Hospital,-23.526432,-46.550635
Hospital_10.139.088,,Ama Eng Goulart Dr Jose Pires,Rua,"R Augusto Correa Leite, 538",Engenheiro Goulart,03726-100,Hospital,-23.500265,-46.51677
Hospital_10.139.093,,Hosp Dia da Rhc Sao Mateus Dr Henrique C Goncalves,Rua,"R Augusto Ferreira Ramos, 9",Jd Tiete,03947-030,Hospital,-23.587789,-46.492085
Hospital_10.139.094,,PA Mun Sao Mateus II,Rua,"R Maestro Joao Balan, 88",Cidade Sao Mateus,03963-030,Hospital,-23.611425,-46.479738
Hospital_10.139.095,,Upa Ermelino Matarazzo,Rua,"R Miguel Novais, 113",Vila Paranagua,03807-370,Hospital,-20.993693,-48.919229
Hospital_10.139.097,,Upa IIi 26 de Agosto,Rua,"Av Miguel Inacio Curi, 44",Itaquera,08295-005,Hospital,-23.545944,-46.461068
Hospital_10.139.103,,Upa Tito Lopes,Rua,"Av Pires do Rio, 294",Vila Americana,08020-000,Hospital,-23.498969,-46.443129
Hospital_10.139.104,,Rede Hospital Dia 24h Sao Miguel Tito Lopes,Rua,"R Joao Augusto de Morais, 348",Sao Miguel Paulista,08010-150,Hospital,-23.497348,-46.440561
Hospital_10.139.112,,P a Dra Gloria Rodrigues dos Santos Bonfim,Rua,"Av dos Metalurgicos, 2820",Cidade Tiradentes,08471-004,Hospital,-23.5928,-46.406755
Hospital_10.139.115,,PA Mun Dr Atualpa Girao Rabelo,Rua,"R Ilha do Arvoredo, 10",Jardim Camargo Velho,08140-270,Hospital,-23.652387,-46.533937
Hospital_10.139.116,,Hospital Dia da Rede Hora Certa Itaim Paulista,Rua,"Av Marechal Tito, 6577",Itaim Paulista,08115-100,Hospital,-23.487889,-46.384114
Hospital_10.140.343,,PA Mun J Macedonia,Rua,"R Louis Boulogne, 133",Jardim Macedonia,05894-350,Hospital,-23.652387,-46.533937
Hospital_10.140.344,,Upa Vera Cruz,Rua,"Av dos Funcionarios Publicos, 379",Vila do Sol,04962-000,Hospital,-23.338909,-47.675531
Hospital_10.140.352,,Unidade de Pronto Atendimento Jardim Angela,Rua,"Estr Guavirituba, 49",Vl Santa Lucia,04937-000,Hospital,-23.353613,-47.837411
Hospital_10.140.355,,Hospital Saint Patrick,Rua,"Av Candido Portinari, 616",Vila Jaguara,05114-000,Hospital,-23.507801,-46.752795
Hospital_10.140.357,,Ama Campo Limpo Fernando Mauro P da Rocha,Rua,"Estr de Itapecirica, 1661",Jardim Maracana,05835-005,Hospital,-23.652387,-46.533937
Hospital_10.140.358,,Unidade de Pronto Atendimento Campo Limpo Dr Fernando Pro,Rua,"R Thereza Mouco de Oliveira, 121",Vila Maracana,05846-420,Hospital,-23.649595,-46.749056
Hospital_10.140.361,,Upa Pirituba,Rua,"Av Menotti Laudisio, 100",Pirituba,02945-000,Hospital,-23.484125,-46.728569
Hospital_10.140.364,,Hospital Dia Lapa Cies,Rua,"Av Queiroz Filho, 313",Lapa,05319-000,Hospital,-23.537593,-46.722799
Hospital_10.140.365,,Clinica Medica Vila Serena,Rua,"R Marseille, 100",Vila da Represa,04826-440,Hospital,-23.552139,-46.647198
Hospital_10.140.366,,Pronto Atendimento Sancta Maggiore,Rua,"Av Prof Francisco Morato, 1177",Butanta,05513-100,Hospital,-23.580725,-46.711121
Hospital_10.140.367,,Vila Serena Sao Paulo,Rua,"R Nicolau Alayon, 859",Interlagos,04802-000,Hospital,-23.710785,-46.709631
Hospital_10.140.368,,Clinica Fares,Rua,"Av Barao do Rio Branco, 301",Santo Amaro,04753-000,Hospital,-23.652738,-46.709199
Hospital_10.140.370,,Uc Lapa I,Rua,"R Barao de Jundiai, 353",Lapa,05073-010,Hospital,-23.525032,-46.708143
Hospital_10.140.372,,Hospital Dia Santo Amaro II Cies,Rua,"R Dr Antonio Bento, 711",Santo Amaro,04750-001,Hospital,-23.644992,-46.701935
Hospital_10.140.374,,Clinica Prisma,Rua,"R Sao Benedito, 1695",Santo Amaro,04735-004,Hospital,-23.639974,-46.695716
Hospital_10.140.375,,PA Sao Rafael,Rua,"Av Adolfo Pinheiro, 2100",Santo Amaro,04734-003,Hospital,-23.63642,-46.694366
Hospital_10.140.376,,Hospital Vidas Alta Complexidade,Rua,"R Professora Maria de Lourdes de Souza Nogueira, 89",Vila Gea,04692-000,Hospital,-20.966883,-50.226265
Hospital_10.140.377,,Hospital Dia Uno,Rua,"Av Potiguar Medeiros, 111",Pinheiros,05422-100,Hospital,-23.567738,-46.686051
Hospital_10.140.379,,Unidade de Internacao Hospital Dia Brasilandia Fo,Rua,"R Rui Moraes do Apocalipse, 2",Jardim do Tiro,02842-260,Hospital,-23.552139,-46.647198
Hospital_10.140.380,,Notre Dame Intermedica Saude,Rua,"Av Reboucas, 2274",Pinheiros,05402-300,Hospital,-23.566154,-46.682318
Hospital_10.140.381,,Hospital Salt Lake,Rua,"R Cristiano Viana, 890",Pinheiros,05434-020,Hospital,-23.555342,-46.679507
Hospital_10.140.382,,Amato,Rua,"Av Brasil, 2283",Jardim Europa,01431-001,Hospital,-23.338967,-47.867595
Hospital_10.140.384,,Clinica Prisma de Psiquiatria e Psicologia,Rua,"R Dona Germanie Burchard, 351",Agua Branca,05002-061,Hospital,-23.529667,-46.671935
Hospital_10.140.385,,Etco Estrutura Tecnologica para O Cirurgiao Oftalmico,Rua,"R Joaquim Floriano, 72",Itaim Bibi,04534-000,Hospital,-23.583277,-46.67073
Hospital_10.140.387,,Certa Centro de Referencia em Tratamentos Avancados Hospital,Rua,"Av Brigadeiro Luis Antonio, 4605",Jardim Paulista,01401-002,Hospital,-23.581934,-46.66575
Hospital_10.140.388,,Eye Clinic,Rua,"Av Republica do Libano, 1034",Ibirapuera,04502-001,Hospital,-23.575215,-46.654908
Hospital_10.140.389,,Hospital Dia Cidade Ademar,Rua,"R Corrego Azul, 433",Pedreira,04463-010,Hospital,-23.696313,-46.660282
Hospital_10.140.391,,Upa Vila Santa Catarina,Rua,"R Cidade de Bagda, 529",Jardim Mira,04377-036,Hospital,-23.656765,-46.653395
Hospital_10.140.392,,Hcloe Hospital de Olhos,Rua,"R Itapeva, 240",Bela Vista,01332-000,Hospital,-23.558551,-46.651869
Hospital_10.140.393,,Clinica Oftalmologica Santa Virginia,Rua,"R Itapeva, 240",Bela Vista,01332-000,Hospital,-23.558551,-46.651869
Hospital_10.140.394,,Ama Boracea Dr Luiz Bacalla,Rua,"R Ribeiro de Almeida, 14",Barra Funda,01137-020,Hospital,-23.524943,-46.651771
Hospital_10.140.395,,Upa Jabaquara,Rua,"R Rua Cruz das Almas, 290",Vila Campestre,04330-060,Hospital,-23.431313,-46.42917
Hospital_10.140.397,,Ambulatorio de Especialidades Dr Geraldo Paulo Bourroul,Rua,"R Martins Fontes, 208",Consolacao,01050-000,Hospital,-23.548971,-46.644472
Hospital_10.140.398,,Hospital Universitario da Unifesp Hu II,Rua,"R Botucatu, 821",Vila Clementino,04023-062,Hospital,-23.598828,-46.64258
Hospital_10.140.399,,SP Plus,Rua,"R Borges Lagoa, 777",Vila Clementino,04038-031,Hospital,-23.597372,-46.644257
Hospital_10.140.400,,H Olhos,Rua,"R Abilio Soares, 218",Paraiso,04005-000,Hospital,-23.662132,-46.524125
Hospital_10.140.401,,Upa Vila Mariana,Rua,"R Diogo de Faria, 609",V Clementino,04024-002,Hospital,-22.731275,-47.326857
Hospital_10.140.402,,Instituto da Visao,Rua,"R Pedro de Toledo, 597",Vila Clementino,04039-031,Hospital,-23.67171,-46.583191
Hospital_10.140.404,,A C Camargo Cancer Center Unidade Pires da Mota,Rua,"Av Pires da Mota, 1167",Aclimacao,01529-001,Hospital,-23.338909,-47.675531
Hospital_10.140.405,,Hospital Professora Lydia Storopoli,Rua,"Av Vergueiro, 235",Liberdade,01504-001,Hospital,-23.564018,-46.639059
Hospital_10.140.406,,Dia Medicina Avancada,Rua,"Av Fagundes Filho, 475",Vila Monte Alegre,04304-010,Hospital,-22.775694,-47.169562
Hospital_10.140.407,,Hospital Esporte e Saude Br Surgery,Rua,"Av Fagundes Filho, 475",Vila Monte Alegre,04304-010,Hospital,-22.775694,-47.169562
Hospital_10.140.408,,Ama Complexo Prates,Rua,"R Prates, 1101",Bom Retiro,01121-000,Hospital,-23.523839,-46.635613
Hospital_10.140.409,,Pronto Atendimento Sancta Maggiore,Rua,"R Augusto Tolle, 787",Santana,02405-001,Hospital,-23.486623,-46.633415
Hospital_10.140.410,,Ama SE,Rua,"R Frederico Alvarenga, 259",SE,01020-030,Hospital,-23.551,-46.628297
Hospital_10.140.411,,Pam Varzea do Carmo Nga 63 Sao Paulo,Rua,"R Leopoldo Miguez, 327",Cambuci,01518-020,Hospital,-23.556676,-46.625528
Hospital_10.140.415,,Csa Complexo de Saude Anhanguera Tucuruvi,Rua,"Av Nova Cantareira, 2575",Tucuruvi,02341-000,Hospital,-23.47575,-46.612812
Hospital_10.140.417,,Hospital Dia Ipiranga Dr Flavio Giannotti,Rua,"R Xavier de Almeida, 210",Ipiranga,04211-000,Hospital,-23.587807,-46.6087
Hospital_10.140.418,,Ame Ambulatorio Medico de Especialidades Maria Zelia,Rua,"Av Jequitinhonha, 368",Catumbi,03021-040,Hospital,-23.535002,-46.600286
Hospital_10.140.422,,Ame Dr Luiz Roberto Barradas Barata Sao Paulo,Rua,"Av Almirante Delamare, 1534",Cidade Nova Heliopol,04230-000,Hospital,-23.610439,-46.590157
Hospital_10.140.424,,Hospital Dia Vila Prudente,Rua,"Pca Centenario de Vila Prudente, 108",Vila Prudente,03132-050,Hospital,-23.582317,-46.582708
Hospital_10.140.425,,Upa Jacana,Rua,"R Ester Elisa, 229",Vila Nilo,02278-040,Hospital,-23.779579,-45.358564
Hospital_10.190.488,,Upa Vergueiro,Rua,"R Vergueiro, 613",Liberdade,01532-001,Hospital,-23.568931,-46.63986
Hospital_10.190.489,,Upa City Jaragua,Rua,"Estrada das Taipas, 1650",Jaragua,02991-000,Hospital,-23.433885,-46.720148
Hospital_10.190.490,,Ama Jardim Nordeste,Rua,"R Nicolo Tartaglia, 45",Jardim Coimbra,03693-050,Hospital,-23.530658,-46.479553
Hospital_10.190.491,,Upa Dona Maria Antonieta Ferreira de Barros,Rua,"R Antonio Felipe Filho, 180",Grajau,04845-000,Hospital,-23.749223,-46.69061
Hospital_10.190.496,,Sao Luiz Maternidade,Rua,"R Helena, 29",Vila Olimpia,04552-050,Hospital,-20.738465,-48.913529
Hospital_10.190.501,,Hospital e Pronto Atendimento Sancta Maggiore Paris,Rua,"R General Chagas Santos, 314",Vila da Saude,04146-050,Hospital,-23.61825,-46.632206
Hospital_10.190.502,,Hospital Bdw SP,Rua,"Av dos Bandeirantes, 679",Vila Olimpia,04553-010,Hospital,-20.738465,-48.913529
Hospital_10.881.055,,Associacao Hospitalar Sao Miguel,Rua,"Rua Abel Tavares, 21",Jardim Belem,3810110,Hospital,-23.652387,-46.533937
Hospital_10.881.079,,Ama 24h Jardim Icarai Quintana,Rua,"Rua Sao Roque do Paraguacu, S/N",Vila Quintana,4837150,Hospital,-23.529889,-47.137236
Hospital_10.881.111,,Ama Capao Redondo,Rua,"Avenida Comendador Santana, 774",Capao Redondo,5866000,Hospital,-23.682434,-46.769402
Hospital_10.881.116,,Unidade Avancada Hospital Salvalus,Rua,"Rua Hipodromo, 987",Mooca,3164140,Hospital,-23.547665,-46.606435
Hospital_10.881.172,,Be Day Centro de Especialidades Clinicas,Rua,"Republica do Libano, 1114",Ibirapuera,4502001,Hospital,-23.575642,-46.655539
Hospital_10.881.200,,Hospital Saint Patrick Portinari,Rua,"Pc Gal Guimaraes, 77",Vila Jaguara,5114110,Hospital,-23.508537,-46.751019
Hospital_10.881.204,,Ama Parque Novo Santo Amaro,Rua,"Rua Porta do Prado, 18",Parque Novo Santo AM,5874130,Hospital,-23.291812,-47.69048
Hospital_10.881.216,,Clinica Espec Ophthal,Rua,"Min Gabriel de Rezende Passos, 500",Moema,4521022,Hospital,-23.601469,-46.661205
Hospital_10.881.239,,Ama Parque Figueira Grande,Rua,"Rua Daniel Klein, 211",Pq Figueira Grande,4915170,Hospital,-23.679327,-46.749241
Hospital_10.881.257,,Centro Cirurgico Ambulatorial 2,Rua,"Peixoto Gomide, 515",Jardim Paulista,1409001,Hospital,-23.558614,-46.655072
Hospital_10.881.288,,Carvalho Sandrin Servicos Hospitalares,Rua,"Av Indianopolis, 1400",Indianopolis,4062001,Hospital,-23.61099,-46.651694
Hospital_10.881.293,,Upa IIi Rio Pequeno,Rua,"Rua Jose Vicente da Cruz, 90",Vila Antonio,5350000,Hospital,-23.576222,-46.764684
Hospital_10.881.346,,Ama Jardim Pirajussara,Rua,"Avenida Amadeu da Silva Samelo, 423",Jardim Martinica,5760140,Hospital,-23.631641,-46.766162
Hospital_10.881.355,,Healthcare Hospital de Transicao,Rua,"Rua Dr Jambeiro Costa, 57",Liberdade,1509030,Hospital,-23.566236,-46.637782
Hospital_10.881.366,,Ama Paraisopolis,Rua,"Rua Silveira Sampaio, 160",Jardim Morumbi,5656010,Hospital,-23.455214,-46.525699
Hospital_10.881.375,,Hospital Santa Isabel,Rua,"R Dr Cesario Mota Junior, 112",Santa Cecilia,1221900,Hospital,-23.543574,-46.650594
Hospital_10.881.381,,Upa Parque Doroteia,Rua,"Rua dos Aniquis, 3",Jd Santa Terezinha,4474000,Hospital,-23.698692,-46.647177
Hospital_2.009.842,,Hospital A C Camargo Tamandare,Rua,"Tamandare, 753",Liberdade,01525-000,Hospital,-23.565519,-46.635501
Hospital_2.009.953,,Hosp Sacrecoeur,Rua,"R Antonio Carlos, 122",Consolacao,01309-010,Hospital,-23.557393,-46.656243
Hospital_2.009.976,,Instituto De Reabilitacao Lucy Montoro,Rua,"R Jandiatuba, 580",Vila Andrade,05716-150,Hospital,-23.632391,-46.734685
Hospital_2.010.154,,Pronto Socorro Nossa Senhora Da Pompeia,Rua,"Av Pompeia, 718",Pompeia,05022-000,Hospital,-22.75607,-47.606996
Hospital_2.010.499,,Hospital Vitoria,Rua,"Avn Vereador Abel Ferreira, S/N",J Analia Franco,03340-000,Hospital,-23.565181,-46.558989
Hospital_2.010.511,,Pronto Atendimento Sancta Maggiore,Rua,"R Uriel Gaspar, 162",Tatuape,03301-000,Hospital,-23.542873,-46.583093
Hospital_2.010.538,,Hospital Sancta Maggiore,Rua,"R Mituto Muzumoto, 596",Liberdade,01513-040,Hospital,-23.559151,-46.632163
Hospital_2.010.541,,Hospital Infantil Sabara,Rua,"Av Angelica, 1987",Higienopolis,01227-200,Hospital,-23.549827,-46.659366
Hospital_2.010.655,,Bp Mirante,Rua,"R Martiniano De Carvalho, 965",Bela Vista,01321-001,Hospital,-23.567465,-46.642854
Hospital_2.010.762,,Hospital Leforte,Rua,"R Tres Irmaos, 121",Caxingui,05615-190,Hospital,-23.474322,-46.548073
Hospital_2.010.855,,Hospital Montemagno,Rua,"Av Montemagno, 241",Vila Formosa,03371-000,Hospital,-23.563123,-46.56004
Hospital_2.010.867,,Instituto Do Cancer Do Estado De Sao Paulo,Rua,"Av Dr Arnaldo, 251",Cerqueira Cesar,01246-900,Hospital,-23.55613,-46.668172
Hospital_2.010.947,,Hospital Geral Da Penha,Rua,"R General Socrates, 145",Penha,03632-030,Hospital,-23.528365,-46.550284
Hospital_2.010.961,,Hosp Sao Luiz Analia Franco,Rua,"Francisco Marengo, 1312",Tatuape,03313-001,Hospital,-23.548915,-46.558272
Hospital_2.011.016,,Hosp Mun M Boi Mirim,Rua,"Do M Boi Mirim, 5203",Jardim Angela,04948-970,Hospital,-23.692044,-46.775172
Hospital_2.011.030,,Hospital Ingles,Rua,"R Silvia, 193",Bela Vista,01331-010,Hospital,-23.560091,-46.65027
Hospital_2.011.053,,Hosp Gloria,Rua,"R Da Gloria, 676",Liberdade,01510-000,Hospital,-23.559523,-46.633899
Hospital_2.011.086,,Associacao Hospital Personal Cuidados Especiais,Rua,"R Came, 1016",Parque Da Mooca,03121-020,Hospital,-23.559821,-46.597112
Hospital_2.011.094,,Hospital Villa Lobos,Rua,"R Lituania, 260",Mooca,03184-020,Hospital,-23.563396,-46.590308
Hospital_2.011.150,,Hospital Local De Sapopemba,Rua,"R Iamacaru, 45",Parque Santa Madalen,05401-000,Hospital,-23.552139,-46.647198
Hospital_2.011.336,,Hospital De Olhos Paulista,Rua,"Abilio Soares, 218",Paraiso,04005-000,Hospital,-23.662132,-46.524125
Hospital_2.011.378,,Centro Hospitalar Do Sistema Penitenciario Sao Paulo,Rua,"R Dom Jose Mauricio, 15",Carandiru,02028-000,Hospital,-23.508567,-46.620102
Hospital_2.011.632,,Hospital Da Luz,Rua,"R Azevedo Macedo, 92",Vila Mariana,04013-060,Hospital,-23.581065,-46.640675
Hospital_2.229.449,,Hosp Mun Carmen Prudente,Rua,"Av Dos Metalurgicos, 1797",Cidade Tiradentes,08471-000,Hospital,-23.5928,-46.406755
Hospital_2.229.837,,Previna,Rua,"Av Raimundo Pereira De Magalhaes, 12367",Parada De Taipas,02938-000,Hospital,-23.434534,-46.72017
Hospital_2.255.713,,Hosp Ps Nova Iguatemi,Rua,"Avn Ragueb Chohfi, 3315",Sao Mateus,08375-000,Hospital,-23.595944,-46.453714
Hospital_2.255.714,,Hospital Next Butanta,Rua,"Av Prof Francisco Morato, 719",Butanta,05513-000,Hospital,-23.578282,-46.708245
Hospital_2.255.715,,Hosp Sao Carlos,Rua,"R Joaquim Marra, 138",Vila Matilde,03514-000,Hospital,-23.533346,-46.527161
Hospital_2.255.716,,Casa De Saude Nsra Do Caminho,Rua,"Est Da Riviera, 4742",Riviera Paulista,04916-000,Hospital,-30.899931,-55.5399
Hospital_2.255.717,,Hosp Edmundo Vasconcelos,Rua,"R Borges Lagoa, 1450",Vil Clementino,04038-905,Hospital,-23.596146,-46.652832
Hospital_2.255.718,,Hospital Sepaco,Rua,"Vergueiro, 4210",Vila Mariana,04102-002,Hospital,-23.595173,-46.627774
Hospital_2.255.719,,Hospital Sao Luiz Jabaquara,Rua,"R Das Perobas, 344",Jabaquara,04321-120,Hospital,-23.643781,-46.643034
Hospital_2.255.720,,Hospital Santa Paula,Rua,"Av Santo Amaro, 2468",Vila Olimpia,04556-100,Hospital,-20.738465,-48.913529
Hospital_2.255.721,,Hospital Nipo Brasileiro,Rua,"R Pistoia, 100",Parque Novo Mundo,02189-000,Hospital,-23.264643,-47.671254
Hospital_2.255.722,,Hospital Graacc Instituto De Oncologia Pediatrica Iop,Rua,"R Pedro De Toledo, 572",Vila Clementino,04023-062,Hospital,-23.671715,-46.583194
Hospital_2.255.723,,Hospital Do Rim E Hipertensao,Rua,"R Borges Lagoa, 960",Vila Clementino,04038-002,Hospital,-23.779579,-45.358564
Hospital_2.255.724,,Hosp Vera Cruz,Rua,"R Alto Paraguai, 362",J Modelo,02238-240,Hospital,-23.206601,-47.293062
Hospital_2.255.725,,Hospital Geral De Vila Penteado Dr Jose Pangella Sao Paulo,Rua,"Av Ministro Petronio Portela, 1642",Jardim Iracema,02802-120,Hospital,-23.485711,-46.696391
Hospital_2.255.726,,Complexo De Saude Dr Wladimir Arruda,Rua,"R Cassio De Campos Nogueira, 2031",Jardim Das Imbuias,04829-310,Hospital,-23.729939,-46.713445
Hospital_2.255.728,,Hospital Estadual De Sapopemba Sao Paulo,Rua,"R Manoel Franca Dos Santos, 174",Jardim Sapopemba,03975-130,Hospital,-23.610673,-46.492483
Hospital_2.255.730,,Inst Cema De Oftalmologia E Otorrinolaringologia,Rua,"R Pascoal Moreira, 450",Mooca,03117-000,Hospital,-23.562821,-46.590897
Hospital_2.255.731,,Associacao Nossa Senhora Do Pari,Rua,"R Hanemann, 234",Caninde,03031-040,Hospital,-23.531943,-46.621165
Hospital_2.255.732,,Hospital Vital Brazil Sao Paulo,Rua,"Av Vital Brazil, 1500",Butanta,05503-900,Hospital,-23.566994,-46.720409
Hospital_2.255.733,,Hospital Regional Sul Sao Paulo,Rua,"R General Roberto Alves De Carvalho Filho, 270",Santo Amaro,04744-000,Hospital,-23.65556,-46.70586
Hospital_2.255.734,,Hospital Central De Guaianases,Rua,"R Cabo Jose Teixeira, 189",Guaianazes,08451-010,Hospital,-23.537925,-46.403176
Hospital_2.255.735,,Ps Mun Prof Joao Catarin Mezomo,Rua,"Av Queiroz Filho, 313",Vila Hamburguesa,05319-000,Hospital,-23.537593,-46.722799
Hospital_2.255.736,,Hosp Mun Professor Doutor Alipio Correa Netto,Rua,"Al Rodrigo De Brum, 1989",Vila Paranagua,03807-230,Hospital,-23.499644,-46.472916
Hospital_2.255.738,,Hosp Mun Dr Benedicto Montenegro,Rua,"R Antonio Lazaro, 226",Jardim Iva,03921-080,Hospital,-21.044974,-49.679005
Hospital_2.255.739,,Hospital Infantil Candido Fontoura Sao Paulo,Rua,"R Siqueira Bueno, 1757",Agua Rasa,03173-010,Hospital,-23.551868,-46.585165
Hospital_2.255.740,,Instituto Dante Pazzanese De Cardiologia Idpc Sao Paulo,Rua,"Av Dr Dante Pazzanese, 500",Ibirapuera,04012-180,Hospital,-23.584718,-46.651599
Hospital_2.255.742,,Hosp Rubem Berta,Rua,"Rubem Berta, 1100",Indianopolis,04074-000,Hospital,-23.602444,-46.651817
Hospital_2.255.743,,Hosp De Transplant Do Est De Sp Euryclides De Jesus Zerbini,Rua,"Av Brigadeiro Luiz Antonio, 2651",Jardim Paulista,01401-901,Hospital,-23.570353,-46.651365
Hospital_2.255.744,,Hospital Alvorada Moema,Rua,"Av Ibirapuera, 1942",Indianopolis,04028-001,Hospital,-23.601469,-46.661205
Hospital_2.255.745,,Casa De Saude De Sao Joao De Deus,Rua,"Est Turistica Do Jaragua, 2365",Pirituba,05161-000,Hospital,-23.474602,-46.754192
Hospital_2.255.747,,Hospital E Maternidade Sao Rafael Sp,Rua,"Eca De Queiroz, 391",Vila Mariana,04011-032,Hospital,-23.579386,-46.644563
Hospital_2.255.749,,Assoc Cruz Verde,Rua,"R Dr Diogo De Faria, 695",Vila Clementino,04037-002,Hospital,-23.595803,-46.643073
Hospital_2.255.750,,Hosp Mat 8 De Maio,Rua,"R Rafael Monteiro Valeiro, 18",Itaim Paulista,08140-020,Hospital,-23.500524,-46.400068
Hospital_2.255.751,,Hosp Mat Sta Marta,Rua,"R Dr Antonio Bento, 104",Santo Amaro,04750-000,Hospital,-23.64923,-46.704543
Hospital_2.255.752,,Hospital E Maternidade Nossa Senhora Do Rosario,Rua,"Dr Edson De Melo, 357",Vila Maria Alta,02122-080,Hospital,-23.511767,-46.584022
Hospital_2.255.753,,Hosp Sta Maggiore Bela Vista,Rua,"R Humaita, 409",Bela Vista,01321-010,Hospital,-23.557998,-46.6423
Hospital_2.255.754,,Hosp Igesp,Rua,"Silvia, 276",Bela Vista,01331-010,Hospital,-23.560851,-46.65086
Hospital_2.255.755,,Casa De Saude D Pedro Ii,Rua,"R Da Figueira, 831",Mooca,03102-000,Hospital,-23.552291,-46.624935
Hospital_2.255.756,,Hospital Paulistano,Rua,"R Martiniano De Carvalho, 741",Bela Vista,01321-001,Hospital,-23.56502,-46.642294
Hospital_2.255.757,,Hosp Mun Dr Ignacio Proenca De Gouvea,Rua,"R Juventus, 562",Mooca,03124-020,Hospital,-23.57181,-46.590184
Hospital_2.255.758,,Ps Mun Freguesia Do O 21 De Junho,Rua,"Av Joao Paulo I, 421",Freguesia Do O,02738-000,Hospital,-23.490185,-46.688959
Hospital_2.255.759,,Instituto De Infectologia Emilio Ribas Sao Paulo,Rua,"Av Dr Arnaldo, 165",Cerqueira Cesar,01246-900,Hospital,-23.555225,-46.668371
Hospital_2.255.760,,Ps Mun Dr Caetano Virgilio Netto,Rua,"R Augusto Farina, 1125",Jad Pinheiros,05594-001,Hospital,-23.584425,-46.739032
Hospital_2.255.761,,Hospital E Maternidade Metropolitano,Rua,"R Marcelina, 441",Vil Romana,05044-010,Hospital,-22.577974,-53.056864
Hospital_2.255.762,,Hc Da Fmusp Hospital Das Clinicas Sao Paulo,Rua,"R Dr Ovidio Pires De Campos, 225",Cerqueira Cesar,05401-000,Hospital,-23.558161,-46.669773
Hospital_2.255.763,,Hosp Geral De Sao Paulo,Rua,"R Ouvidor Portugal, 230",Vila Monumento,01551-000,Hospital,-23.779579,-45.358564
Hospital_2.255.764,,Hospital Geral Do Grajau Prof Liber John Alphonse Di Dio Sp,Rua,"R Francisco Octavio Pacca, 180",Parque Das Nacoes,04822-030,Hospital,-23.729026,-46.690845
Hospital_2.255.765,,Assoc Aacd V Clementino,Rua,"Avn Prof Ascendino Reis, 724",Vil Clementino,04027-000,Hospital,-23.597142,-46.651808
Hospital_2.255.766,,Hosp Mun Prof Dr Waldomiro De Paula,Rua,"R Augusto Carlos Baumann, 1074",Itaquera,08210-590,Hospital,-23.531123,-46.444532
Hospital_2.255.767,,Hosp Monumento Cehm,Rua,"R Lima E Silva, 985",Ipiranga,04215-020,Hospital,-23.594191,-46.596836
Hospital_2.255.768,,Hospital E Maternidade Leonor Mendes De Barros Sao Paulo,Rua,"Av Celso Garcia, 2477",Belenzinho,03015-000,Hospital,-23.535903,-46.588706
Hospital_2.255.769,,Centro De Referencia E Treinamento Dst Aids Sao Paulo,Rua,"R Santa Cruz, 81",Vila Mariana,04121-000,Hospital,-23.596619,-46.635813
Hospital_2.255.770,,Hosp Das Clinicashosp Auxiliar De Cotoxo,Rua,"R Cotoxo, 1142",Sumare,05021-010,Hospital,-23.536248,-46.688266
Hospital_2.255.771,,Centro De Referencia Da Saude Da Mulher Sao Paulo,Rua,"Avn Brigadeiro Luiz Antonio, 683",Bela Vista,01317-001,Hospital,-23.555438,-46.645818
Hospital_2.255.772,,Hospital Santa Virginia,Rua,"Av Celso Garcia, 2294",Belem,03014-000,Hospital,-23.537506,-46.589956
Hospital_2.255.773,,Hosp Aviccena,Rua,"Padre Adelino, 901",Iv Parada,03303-000,Hospital,-24.978131,-53.466835
Hospital_2.255.774,,Hosp Mun Infantil Menino Jesus,Rua,"R Dos Ingleses, 258",Bela Vista,01329-000,Hospital,-23.560212,-46.64735
Hospital_2.255.776,,Hosp Independencia,Rua,"R Urucurana, 1",Jardim Pedro Jose Nu,08061-100,Hospital,-23.652387,-46.533937
Hospital_2.255.777,,Hospital Itaquera,Rua,"R Jose Oiticica Filho, 123",Itaquera,08210-510,Hospital,-23.536584,-46.450704
Hospital_2.255.778,,Day Hospital De Ermelino Matarazzo,Rua,"Av Abel Tavares, 2576",Ermelino Matarazzo,03810-110,Hospital,-23.485679,-46.479286
Hospital_2.255.779,,Hospital E Maternidade Sao Miguel,Rua,"R Luis Picolo, 11",Sao Miguel,08040-320,Hospital,-23.493956,-46.438223
Hospital_2.255.780,,Hosp Da Aeronautica De Sphasp,Rua,"Olavo Fontoura, 1400",Santana,02022-021,Hospital,-23.515637,-46.645193
Hospital_2.255.782,,Hospital Santa Helena,Rua,R São Joaquim 36,Liberdade,01508-000,Hospital,-23.561987,-46.638382
Hospital_2.255.783,,Hospital E Maternidade Santa Maria Cruz Azul,Rua,"Lins De Vasconcelos, 356",Cambuci,01538-000,Hospital,-23.565959,-46.622162
Hospital_2.255.784,,Hospital Cantareira,Rua,"Av Nova Cantareira, 3050",Tucuruvi,02340-000,Hospital,-23.472477,-46.615782
Hospital_2.255.785,,Hospital Santa Isabel,Rua,"R Dona Veridiana, 311",Vila Buarque,01238-010,Hospital,-23.779579,-45.358564
Hospital_2.255.786,,Maternidade Santa Joana,Rua,"R Do Paraiso, 432",Paraiso,04103-000,Hospital,-23.574848,-46.638651
Hospital_2.255.787,,Hospital Geral Jesus Teixeira Da Costa Guaianases Sao Paulo,Rua,"Av Miguel Achiole Da Fonseca, 135",Jardim Sao Paulo,08461-110,Hospital,-23.553978,-46.403652
Hospital_2.255.788,,Hosp Mun Mat Esc Dr Mario De Moraes A Silva,Rua,"Av Dep Emilio Carlos, 3100",Vl Nova Cachoeirinha,02720-200,Hospital,-23.480131,-46.671532
Hospital_2.255.789,,Hosp 9 De Julho,Rua,"R Peixoto Gomide, 625",Bela Vista,01409-902,Hospital,-23.559333,-46.654948
Hospital_2.255.790,,Hospital Sirio Libanes,Rua,"R Dona Adma Jafet, 91",Cerqueira Cesar,01308-050,Hospital,-23.557411,-46.653759
Hospital_2.255.791,,Hosp Mat V Carrao,Rua,"Avn Cons Carrao, 2885",Vil Carrao,03403-002,Hospital,-23.549918,-46.533847
Hospital_2.255.792,,Hospital Do Serv Pub Est Fco Morato De Oliveira Sao Paulo,Rua,"R Pedro De Toledo, 1800",Vila Clementino,04029-000,Hospital,-24.276461,-47.234039
Hospital_2.255.793,,Hospital Israelita Albert Einstein,Rua,"Av Albert Einstein, 627",Morumbi,05652-900,Hospital,-23.599824,-46.715077
Hospital_2.255.795,,Ps Mun Augusto Gomes De Matos,Rua,"R Julio Felipe Guedes, 200",Vila Das Merces,04174-040,Hospital,-23.633776,-46.606728
Hospital_2.255.797,,Hospital Geral De Pedreira,Rua,"R Joao Francisco De Moura, 251",Vila Campo Grande,04455-170,Hospital,-23.681567,-46.677488
Hospital_2.255.798,,Hospital Maternidade Interlagos,Rua,"R Leonor Alvim, 211",Jd Leblon,04802-190,Hospital,-23.706879,-46.702011
Hospital_2.255.799,,Upa Julio Tupy,Rua,"R Serra Da Queimada, 800",Parque Guaianases,08431-640,Hospital,-23.527537,-46.411295
Hospital_2.255.800,,Hospital Heliopolis Unidade De Gestao Assistencial I Sp,Rua,"R Conego Xavier, 276",Sacoma,04231-030,Hospital,-23.608143,-46.59377
Hospital_2.255.801,,Hospital Infantil Darcy Vargas Uga Iii Sao Paulo,Rua,"R Dr Serafico De Assis Carvalho, 34",Jardim Guedala,04024-002,Hospital,-23.592761,-46.711043
Hospital_2.255.802,,Caism Dr David Capistrano Da Costa Filho Da Agua Funda Sp,Rua,"Av Miguel Stefano, 3030",Agua Funda,04301-002,Hospital,-23.552139,-46.647198
Hospital_2.255.803,,Ps Mun Santana Lauro Ribas Braga,Rua,"R Voluntarios Da Patria, 943",Santana,02011-100,Hospital,-23.512738,-46.627591
Hospital_2.255.804,,Hc Da Fmusp Instituto Do Coracao Incor Sao Paulo,Rua,"Av Dr Eneas De Carvalho Aguiar, 44",Cerqueira Cesar,05403-000,Hospital,-23.0349,-49.165198
Hospital_2.255.805,,Hosp Mun Maternidade Professor Mario Degni,Rua,"R Lucas De Leyde, 257",Vila Antonio,05376-010,Hospital,-23.578169,-46.765362
Hospital_2.255.806,,Ps Mun V Maria Baixa,Rua,"Pca Engenheiro Hugo Brandi, 15",Pq Novo Mundo,02168-050,Hospital,-23.517379,-46.577611
Hospital_2.255.807,,Hosp Da Sta Casa De Sto Amaro,Rua,"R Isabel Schmidt, 59",Santo Amaro,04743-030,Hospital,-23.650255,-46.704916
Hospital_2.255.808,,Hospital Geral De Sao Mateus Sao Paulo,Rua,"R Angelo De Candia, 540",Sao Mateus,03958-000,Hospital,-23.594736,-46.486711
Hospital_2.255.809,,Hospital Sao Paulo Hospital De Ensino Da Unifesp Sao Paulo,Rua,"R Napoleao De Barros, 715",Vila Clementino,04024-002,Hospital,-23.597712,-46.643614
Hospital_2.255.810,,Hospital Santa Marcelina Sao Paulo,Rua,"R Santa Marcelina, 177",Itaquera,08270-070,Hospital,-23.554332,-46.461303
Hospital_2.255.811,,Hosp Dom Alvarenga,Rua,"Nazare, 1361",Ipiranga,04263-200,Hospital,-23.596365,-46.608902
Hospital_2.255.812,,A C Camargo Cancer Center,Rua,"R Professor Antonio Prudente, 211",Liberdade,01509-900,Hospital,-23.565117,-46.637641
Hospital_2.255.813,,Unidade De Gestao Assistencial Ii Hospital Ipiranga Sp,Rua,"Av Nazare, 28",Ipiranga,04262-000,Hospital,-23.582885,-46.611071
Hospital_2.255.814,,Hospital Leforte Liberdade,Rua,"R Galvao Bueno, 257",Liberdade,01506-000,Hospital,-23.557741,-46.634832
Hospital_2.255.815,,Hospital Geral Santa Marcelina De Itaim Paulista Sao Paulo,Rua,"Av Marechal Tito, 6035",Itaim Paulista,08115-100,Hospital,-23.492423,-46.388981
Hospital_2.255.816,,Centro Integr De Ass E Saude Nossa Senhora De Fatima,Rua,"Jornalista Paulo Zingg, 1078",Pirituba,05157-030,Hospital,-23.487808,-46.761007
Hospital_2.255.817,,Hospital Presidente,Rua,"Av Nova Cantareira, 2398",Tucuruvi,02340-000,Hospital,-23.476496,-46.610685
Hospital_2.255.818,,Ibcc,Rua,"Av Alcantara Machado, 2576",Mooca,03102-002,Hospital,-23.547517,-46.600104
Hospital_2.255.819,,Conjunto Hospitalar Do Mandaqui Sao Paulo,Rua,"R Voluntarios Da Patria, 4301",Mandaqui,02401-400,Hospital,-23.484978,-46.631429
Hospital_2.255.820,,Hospital Oswaldo Cruz,Rua,"R Joao Juliao, 331",Paraiso,01323-020,Hospital,-23.569348,-46.643
Hospital_2.255.821,,Casa Da Crianca Betinho,Rua,"R Vacanga, 300",Vil Carrao,03433-020,Hospital,-23.560402,-46.532448
Hospital_2.255.822,,Hospital Sorocabana,Rua,"R Faustolo, 1633",Lapa,05041-001,Hospital,-23.523817,-46.701145
Hospital_2.255.823,,Hospital Universitario Da Usp Sao Paulo,Rua,"Av Prof Lineu Prestes, 2565",Butanta,05508-900,Hospital,-23.56492,-46.74095
Hospital_2.255.824,,Hospital Sao Luiz Gonzaga,Rua,"Michel Ouchana, 94",Jacana,02276-140,Hospital,-23.458858,-46.582062
Hospital_2.255.825,,Hosp Mun Pirituba Jose Soares Hungria,Rua,"Menotti Laudisio, 100",Pirituba,02945-000,Hospital,-23.484125,-46.728569
Hospital_2.255.826,,Hosp Da Penha,Rua,"R Arnaldo Vallardi Portilho, 90",Penha,03632-030,Hospital,-23.527685,-46.550039
Hospital_2.255.827,,Hospital Estadual De Vila Alpina Org Social Seconci Sao Paul,Rua,"Av Francisco Falconi, 1501",Vila Alpina,03227-000,Hospital,-23.654052,-46.541341
Hospital_2.255.828,,Hospital Amparo Maternal,Rua,"R Loefgreen, 1901",V Clementino,04040-030,Hospital,-23.600033,-46.64358
Hospital_2.255.829,,Caism Philippe Pinel Sao Paulo,Rua,"Av Raimundo Pereira De Magalhaes, 5214",Pirituba,02938-000,Hospital,-23.486982,-46.723935
Hospital_2.255.830,,Hospital Do Coracao,Rua,"R Desembargador Eliseu Guilherme, 123",Paraiso,04004-030,Hospital,-23.57311,-46.643534
Hospital_2.255.831,,Hospital Sbc,Rua,"Blumenau, 320",V Leopoldina,05319-020,Hospital,-23.537643,-46.728507
Hospital_2.255.832,,Ps Inf Sabara,Rua,"R Dona Antonia De Queiros, 505",Consolacao,01307-010,Hospital,-23.549334,-46.654565
Hospital_2.255.833,,Hosp Mun Jabaquara Artur Ribeiro De Saboya,Rua,"Francisco De Paula Quintanilha Ribeiro, 860",Jabaquara,04330-020,Hospital,-23.653342,-46.645676
Hospital_2.255.834,,Hospital Katia De Souza Rodrigues Taipas Sao Paulo,Rua,"Av Elisio Teixeira Leite, 6999",Parada De Taipas,02810-000,Hospital,-23.443391,-46.717746
Hospital_2.255.835,,Hosp Albert Sabin,Rua,"R Brigadeiro Gaviao Peixoto, 123",Lapa,05078-000,Hospital,-23.525703,-46.711539
Hospital_2.255.836,,Hospital Santa Rita,Rua,"R Cubatao, 1190",Vila Mariana,04013-004,Hospital,-23.582269,-46.641313
Hospital_2.255.837,,Hosp Sta Cecilia,Rua,"Prc Marechal Deodoro, 149",Santa Cecilia,01150-011,Hospital,-23.535272,-46.654556
Hospital_2.255.838,,Hosp Sta Cruz,Rua,"R Santa Cruz, 398",Vila Mariana,04122-000,Hospital,-23.597448,-46.632516
Hospital_2.255.841,,Hosp Mat Casa Verde,Rua,"R Reliquia, 716",Casa Verde,02517-001,Hospital,-23.506355,-46.661159
Hospital_2.255.842,,Hospital Da Crianca,Rua,"R Das Perobas, 295",Jabaquara,04321-120,Hospital,-23.643113,-46.64312
Hospital_2.255.843,,Hosp Mun Dr Carmino Caricchio,Rua,"Av Celso Garcia, 4815",Tatuape,03063-000,Hospital,-23.532992,-46.566428
Hospital_2.255.844,,Inst Do Cancer Arnaldo Vieira De Carvalho,Rua,"Dr Cesario Motta Junior, 112",Vila Buarque,01221-020,Hospital,-23.543574,-46.650594
Hospital_2.255.846,,Hosp Paulista De Otorrinolaringologia,Rua,"R Dr Diogo De Faria, 780",Vil Clementino,04037-002,Hospital,-23.595307,-46.644348
Hospital_2.255.847,,Hosp Sao Conrado,Rua,"Av Brigadeiro Luis Antonio, 4677",Jd Paulista,01401-002,Hospital,-23.582322,-46.666387
Hospital_2.255.849,,Hospital Samaritano,Rua,"R Cons Brotero, 1486",Higienopolis,01232-010,Hospital,-23.538718,-46.662062
Hospital_2.255.850,,Hosp Mat Sao Cristovao,Rua,"Americo Ventura, 123",Alto Da Mooca,03128-010,Hospital,-21.467537,-47.002506
Hospital_2.255.852,,Hosp Mun V Nhocune Alexandre Zaio,Rua,"Alves Maldonado, S/N",Vila Nhocune,03558-050,Hospital,-23.552139,-46.647198
Hospital_2.255.853,,Hospital Bp,Rua,"Maest Cardim, 769",Liberdade,01323-001,Hospital,-23.56744,-46.641492
Hospital_2.255.854,,Hosp Mun Tide Setubal,Rua,"R Dr Jose Guilherme Eiras, 123",Sao Miguel Paulista,08010-220,Hospital,-23.497251,-46.439795
Hospital_2.255.855,,Hospital Da Cruz Vermelha Brasileira,Rua,"Av Moreira Guimaraes, 699",Indianopolis,04074-031,Hospital,-23.603791,-46.651144
Hospital_2.255.858,,Hospital Dom Pedro,Rua,"Av Alcantara Machado, 60",Bras,03102-000,Hospital,-23.552195,-46.624564
Hospital_2.255.859,,Hospital Da Face,Rua,"R Izonzo, 155",Sacoma,04249-000,Hospital,-23.617359,-46.599138
Hospital_2.255.861,,Sao Luiz Unidade Morumbi,Rua,"R Engenheiro Oscar Americano, 840",Morumbi,05673-050,Hospital,-23.59138,-46.70354
Hospital_2.255.863,,Hospital Saint Paul,Rua,"Av Euzebio Matoso, 178",Pinheiros,05423-000,Hospital,-23.571207,-46.691411
Hospital_2.255.864,,Clinica De Olhos Suel Abujamra,Rua,"R Tamandare, 693",Liberdade,01525-001,Hospital,-23.565,-46.635438
Hospital_2.255.865,,Hospital Silvio Romero,Rua,"R Fernandes Pinheiro, 268",Vila Azevedo,03308-060,Hospital,-23.541887,-46.572164
Hospital_2.255.866,,Hosp E Mat Jardins,Rua,"R Artur Azevedo, 1659",Pinheiros,05404-014,Hospital,-23.565802,-46.686609
Hospital_2.255.868,,Centro De Atendimento Hospitalar A Mulher Presa,Rua,"Rod Raposo Tavares, S/N",Jd Arpoador,05577-300,Hospital,-23.586236,-46.811597
Hospital_2.255.870,,Hosp E Mat Sto Expedito,Rua,"R Tomoichi Shimizu, 201",Itaquera,08260-140,Hospital,-23.579005,-46.441729
Hospital_2.255.874,,Hospital Itatiaia,Rua,"R Duarte Da Costa, 344",Alto Da Lapa,05080-000,Hospital,-23.527829,-46.712334
Hospital_2.255.875,,Hosp Mat Paranagua,Rua,"Avn Paranagua, 808",Ermelino Matarazzo,03806-000,Hospital,-23.498802,-46.477341
Hospital_2.255.878,,Cpu Clinica De Procedimentos Urologicos,Rua,"R Maestro Cardim, 769",Bela Vista,01323-900,Hospital,-23.5675,-46.641542
Hospital_2.255.880,,Centro Medico Pmesp,Rua,"Av Nova Cantareira, 3659",Tremembe,02341-001,Hospital,-23.468955,-46.616925
Hospital_2.255.881,,Premier Residence Hospital,Rua,"R Jurubatuba, 461",Vila Cordeiro,04583-100,Hospital,-23.779579,-45.358564
Hospital_2.255.882,,Saha Servicos Medicos E Hospitalares,Rua,"R Maestro Cardim, 407",Bela Vista,01323-000,Hospital,-23.564936,-46.641402
Hospital_2.255.884,,Hospital Da Luz 113,Rua,"R Azevedo Macedo, 113",Vila Mariana,04013-060,Hospital,-23.581536,-46.640298
Hospital_2.255.886,,Instituto A Casa,Rua,"Joao Maia, 118",Aclimacao,04109-130,Hospital,-23.455531,-46.532708
Hospital_2.255.888,,Leforte Kids,Rua,"Av Washington Luis, 3085",Jardim Marajoara,04627-000,Hospital,-23.652387,-46.533937
Hospital_2.255.889,,Hospital Bosque Da Saude,Rua,"Av Bosque Da Saude, 1926",Saude,04142-082,Hospital,-23.613123,-46.620935
Hospital_2.255.890,,Clinica Espec Renaitre,Rua,"R Jose Pereira Cardoso, 80",Sao Miguel Paulista,08011-310,Hospital,-23.494154,-46.444337
Hospital_2.255.892,,Hosp Sta Maggiore Analia Franco,Rua,"R Jose De Oscar De Abreu Sampaio, 376",Jardim Analia Franco,01333-000,Hospital,-23.652387,-46.533937
Hospital_2.255.893,,Hosp Mun Ver Jose Storopolli,Rua,"R Francisco Fanganiello, 127",Parque Novo Mundo,02181-160,Hospital,-23.522159,-46.562714
Hospital_2.255.895,,Cema Hosp Espec,Rua,"R Padre Adelino, 333",Quarta Parada,03117-000,Hospital,-23.544982,-46.590784
Hospital_2.255.896,,Hospital Adventista De Sao Paulo,Rua,"R Rocha Pombo, 49",Liberdade,01525-010,Hospital,-23.563493,-46.63416
Hospital_2.255.897,,Clinisulserv Med Zona Sul,Rua,Estr de Itapecerica 4795,Capao Redondo,5858001,Hospital,-23.65814,-46.764434
Hospital_2.255.898,,Hosp De Olhos De Sao Paulo,Rua,"Avn Cantareira, 126",Santana,02330-000,Hospital,-23.488382,-46.623099
Hospital_2.255.899,,Hospital Sao Camilo Santana,Rua,"R Dr Luis Lustosa Da Silva, 33",Santana,02401-300,Hospital,-23.48751,-46.626955
Hospital_2.255.900,,Pro Matre Paulista,Rua,"Sao Carlos Do Pinhal, 139",Bela Vista,01403-001,Hospital,-23.565712,-46.649626
Hospital_2.255.901,,Hosp Mat Vidas,Rua,"Nossa Senhora Do Sabara, 2375",Vila Campo Grande,04685-006,Hospital,-23.675109,-46.685696
Hospital_2.255.903,,Hospital Sao Camilo Ipiranga,Rua,"R Pouso Alegre, 1",Ipiranga,04261-030,Hospital,-23.583218,-46.611695
Hospital_2.255.904,,Master Clin,Rua,"R Dr Galvao Guimaraes, 72",Sao Mateus,03970-040,Hospital,-23.614836,-46.476828
Hospital_2.255.905,,Hsanp Hospital,Rua,"R Voluntarios Da Patria, 2786",Santana,02402-100,Hospital,-23.495802,-46.625116
Hospital_2.255.907,,Hosp De Clinicas J Helena,Rua,"R Erva Andorinha, 123",Jardim Helena,08090-470,Hospital,-23.478705,-46.423704
Hospital_2.255.908,,Complexo Hospitalar Paulista,Rua,"R Antonio Carlos, 122",Cerqueira Cesar,01309-010,Hospital,-23.427721,-46.52032
Hospital_2.255.911,,Ps Mun Dr Alvaro Dino De Almeida,Rua,"R Vitorino Carmilo, 717",Barra Funda,01153-000,Hospital,-23.531197,-46.652988
Hospital_2.255.912,,Upa Perus Dr Luiz Antonio De Abreu Sampaio Doria,Rua,"R Estevan Ribeiro Resende, S/N",Perus,05202-140,Hospital,-23.401772,-46.74751
Hospital_2.255.913,,Hospital San Gennaro,Rua,"Av Paes De Barros, 1333",Mooca,03115-020,Hospital,-23.565438,-46.594741
Hospital_2.255.914,,Americas Servico E Saude,Rua,"Al Santos, 764",Cerqueira Cesar,01418-100,Hospital,-23.0349,-49.165198
Hospital_2.255.915,,Next Hospital Santo Amaro,Rua,"R Barao Do Rio Branco, 555",Santo Amaro,04753-001,Hospital,-23.650314,-46.709336
Hospital_2.255.916,,Santa Casa De Sao Paulo Hospital Central Sao Paulo,Rua,"R Dr Cesario Mota Junior, 112",Vila Buarque,01221-020,Hospital,-23.543574,-46.650594
Hospital_2.255.918,,Inst Suel Abujamra,Rua,"R Tamandare, 693",Aclimacao,01525-001,Hospital,-23.638681,-46.572335
Hospital_2.255.919,,Sao Luiz Unidade Itaim,Rua,"R Dr Alceu De Campos Rodrigues, 95",Vila Nova Conceicao,04544-000,Hospital,-23.590719,-46.673617
Hospital_2.255.920,,Hospital Santa Catarina,Rua,"Paulista, 200",Bela Vista,01310-000,Hospital,-23.569568,-46.645406
Hospital_2.255.921,,Hospital Geriatrico E De Convalescentes D Pedro Ii,Rua,"Av Guapira, 2674",Jacana,02265-002,Hospital,-23.466978,-46.583993
Hospital_2.255.922,,Hospital Geral De Vila Nova Cachoeirinha Sao Paulo,Rua,"Av Deputado Emilio Carlos, 3000",Vila Nova Cachoeirin,02720-200,Hospital,-23.481419,-46.673102
Hospital_2.255.923,,Hospital Sao Camilo Pompeia,Rua,"Av Pompeia, 1178",Pompeia,05022-001,Hospital,-22.75692,-47.605803
Hospital_2.255.924,,Casa De David Sao Paulo,Rua,"Rodovia Fernao Dias, S/N",Parque Edu Chaves,02284-000,Hospital,-23.49225,-46.559271
Hospital_2.255.925,,Hospital Psiquiatrico De Vila Mariana,Rua,"R Major Maragliano, 241",Vila Mariana,04017-030,Hospital,-23.5882,-46.638254
Hospital_2.255.926,,Upa Santo Amaro Dr Jose Sylvio De Camargo,Rua,"R Carlos Gomes, 661",Santo Amaro,04733-100,Hospital,-23.653784,-46.701364
Hospital_2.255.927,,Psm Balneario Sao Jose,Rua,"R Gaspar Leme, 200",Balneario Sao Jose,04864-050,Hospital,-23.633551,-46.577273
Hospital_2.255.928,,Hosp Do Serv Pub Municipal Hspm,Rua,"R Castro Alves, 60",Aclimacao,01532-000,Hospital,-23.397032,-46.714807
Hospital_2.255.930,,Api Assistencia Psiquiatrica Integrada,Rua,"Av Indianopolis, 1903",Planalto Paulista,04063-003,Hospital,-23.699226,-46.56788
Hospital_2.255.931,,Serra Mayor,Rua,"Estr De Itapecerica, 4659",Capao Redondo,05858-001,Hospital,-23.660305,-46.773215
Hospital_2.255.932,,Fundacao Faculdade De Medicinahcfmusp Inst De Psiquiatria Sp,Rua,"R Dr Ovidio Pires De Campos, 785",Cerqueira Cesar,05401-000,Hospital,-23.558161,-46.669773
Hospital_2.255.933,,Hosp Vasco Da Gama,Rua,"R Coimbra, 620",Belenzinho,03052-030,Hospital,-23.694326,-46.629992
Hospital_2.255.934,,Ps Samaro,Rua,"Av Nossa Senhora Do Sabara, 70",Jd Belgica,04686-000,Hospital,-23.552139,-46.647198
Hospital_2.255.935,,Hospital E Pronto Socorro Portinari Ltda,Rua,"Av Candido Portinari, 455",Vila Jaguara,05114-000,Hospital,-23.508206,-46.751217
Hospital_2.255.936,,Pronto Baby,Rua,"Avn Fagundes Filho, 300",Vila Monte Alegre,04304-000,Hospital,-22.775694,-47.169562
Hospital_2.255.937,,Hosp Mun Fernando Mauro Pires Da Rocha,Rua,"Estr De Itapecerica, 1661",Campo Limpo,05835-005,Hospital,-23.644968,-46.716569
Hospital_2.275.613,,Hospital Avape,Rua,"Av Alcantara Machado, 60",Bras,03102-000,Hospital,-23.552195,-46.624564
Hospital_2.497.195,,Pronto Atendimento Sancta Maggiore,Rua,"Av Brigadeiro Luis Antonio, 4312",Jardim Paulista,01402-002,Hospital,-23.580136,-46.66395
Hospital_2.497.199,,Benvista Oftalmologia,Rua,"Av Leoncio De Magalhaes, 683",Jardim Sao Paulo,02042-010,Hospital,-23.495103,-46.616026
Hospital_2.613.722,,Hospital Green Hill,Rua,"R Bom Pastor, 905",Ipiranga,04203-050,Hospital,-23.584294,-46.607364
Hospital_2.613.723,,Hospital E Pronto Atendimento Sancta Maggiore,Rua,"R Tamarataca, 127",Mooca,03119-010,Hospital,-23.564118,-46.591399
Hospital_2.613.724,,Hospital Sancta Maggiore,Rua,"Av Santo Amaro, 22",Vila Nova Conceicao,04506-000,Hospital,-23.639888,-46.700715
Hospital_2.613.725,,Hospital E Pronto Atendimento Sancta Maggiore,Rua,"R Da Figueira, 831",Mooca,03102-010,Hospital,-23.552291,-46.624935
Hospital_2.613.726,,Hospital E Pronto Atendimento Sancta Maggiore,Rua,"R Maestro Cardim, 1137",Bela Vista,01323-001,Hospital,-23.570969,-46.641916
Hospital_3.908.943,,Hospital Sancta Maggiore,Rua,"R Cristiano Viana, 890",Pinheiros,05411-001,Hospital,-23.555342,-46.679507
Hospital_4.236.779,,Hospital Sirio Libanes Unidade Itaim,Rua,"Joaquim Floriano, 533",Itaim Bibi,04534-011,Hospital,-23.584965,-46.674894
Hospital_4.273.102,,Hospital Santa Clara,Rua,"Joaquim Marra, 138",Vila Matilde,03514-000,Hospital,-23.533346,-46.527161
Hospital_4.273.103,,Hospital Moriah,Rua,"Av Moaci, 974",Planalto Paulista,04076-012,Hospital,-23.615055,-46.66024
Hospital_4.273.104,,Clinica Spatiium,Rua,"R Jose Antonio Coelho, 416",Vila Mariana,04011-061,Hospital,-23.580195,-46.644708
Hospital_4.776.919,,Unidade Avancada Einstein Perdizes,Rua,"R Apiacas, 85",Perdizes,05017-020,Hospital,-23.533267,-46.675482
Hospital_4.813.378,,Complexo Hospitalar Santo Expedito,Rua,"R Tomoichi Shimizu, 201",Itaquera,08260-140,Hospital,-23.579005,-46.441729
Hospital_4.813.392,,Centro Medico Sao Gabriel,Rua,"R Amador Bueno Da Veiga, 195",Penha,03635-000,Hospital,-23.522808,-46.542819
Hospital_4.813.416,,Hosp Mun Gilson De Cassia Marques De Carvalho,Rua,"Av Santa Catarina, 2785",Vila Mascote,04378-200,Hospital,-23.552139,-46.647198
Hospital_4.813.434,,Hospital Saint Peter,Rua,"R Estado De Israel, 747",Vila Clementino,04022-002,Hospital,-23.594525,-46.647129
Hospital_5.901.175,,Hospital Sancta Maggiore,Rua,"R Juaguaribe, 144",Vila Buarque,01224-000,Hospital,-23.454727,-46.550254
Hospital_7.336.831,,Hospital E Maternidade Salvalus,Rua,"R Bresser, 1954",Bras,03164-160,Hospital,-23.546522,-46.604713
Hospital_7.336.834,,Hospital Samaritano Paulista,Rua,"Av Brigadeiro Luis Antonio, 1895",Bela Vista,01317-002,Hospital,-23.560019,-46.643008
Hospital_7.336.935,,Hospital E Maternidade Santa Maria,Rua,"Leoncio De Carvalho, 233",Paraiso,04003-010,Hospital,-23.572094,-46.646949
Hospital_7.336.949,,Hospital Sagrada Familia,Rua,"R Arapoca, 154",Vila Formosa,03362-000,Hospital,-23.566036,-46.541823
Hospital_7.336.966,,Hospital Vila Nova Star,Rua,"Doutor Alceu De Campos Rodrigues, 126",Vila Nova Conceicao,04544-000,Hospital,-23.589866,-46.673619
Hospital_10.313.831,,Hospital Infantil Sabara Unidade 2,Rua,"Avenida Padre Arlindo Vieira, 1920", Jardim Vergueiro (Sacomã),4166970,Hospital,-23.637028,-46.606965
Hospital_10.313.832,,Hospital Dia Dr IVan Vargas,Rua,Viela Arnaldo Ferreira da Silva, Cangaíba,3711002,Hospital,-23.506056,-46.524941
Hospital_10.313.835,,Upa Jardim Elisa Maria I,Rua,"Rua Professor Sebastião Soares de Faria, 57", Bela Vista,1317908,Hospital,-23.560277,-46.642498
Hospital_10.313.837,,Instituto Vida e Saude,Rua,Praça Coronel Custódio Fernandes Pinheiro, Alto de Pinheiros,5463090,Hospital,-23.550809,-46.707209
Hospital_10.313.838,,Monte Cristo Hospital de Multi Especialidades,Rua,Rua Tenente Lycurgo Lopes da Cruz, Água Branca,5036120,Hospital,-23.514378,-46.695553
Hospital_10.313.839,,Upa IIi Carrao Masataka Ota,Rua,"Rua Luís Pinto, 641", Vila Carrão,3427970,Hospital,-23.549629,-46.534299
Hospital_10.313.839,,Upa IIi Carrao Masataka Ota,Rua,"Rua Luís Pinto, 641", Vila Carrão,3427971,Hospital,-23.549629,-46.534299
Hospital_10.313.840,,Ama Sapopemba,Rua,Rua Barão de Tefé, Água Branca,5003040,Hospital,-22.751938,-47.629119
Hospital_10.313.841,,Hospital Unity,Rua,"Avenida Indianópolis, 529", Indianópolis,4063900,Hospital,-23.603005,-46.654629
Hospital_10.313.842,,Hospital Indianopolis,Rua,"Avenida Brigadeiro Faria Lima, 1134", Jardim Paulistano,1451916,Hospital,-23.445247,-46.52116
Hospital_10.313.843,,Cria Casa de Parto,Rua,Rua Doutor Lopes de Almeida, Vila Mariana,4120070,Hospital,-23.595798,-46.631963
Hospital_10.313.844,,Ama Sacoma,Rua,Rua das Pavanas, Americanópolis,4338080,Hospital,-23.669053,-46.648162
Hospital_10.313.845,,Hospital Dia Santo Amaro,Rua,"Avenida Adolfo Pinheiro, 399", Santo Amaro,4733999,Hospital,-23.649223,-46.703915
Hospital_10.313.846,,Upa Parelheiros,Rua,Estrada Ecoturística de Parelheiros, Chácara São Silvestre,4888190,Hospital,-23.79869,-46.730964
Hospital_10.313.846,,Upa Parelheiros,Rua,Estrada Ecoturística de Parelheiros, Jardim Aladim,4883215,Hospital,-23.79869,-46.730964
Hospital_10.313.846,,Upa Parelheiros,Rua,Estrada Ecoturística de Parelheiros, Jardim Almeida,4866180,Hospital,-23.79869,-46.730964
Hospital_10.313.846,,Upa Parelheiros,Rua,Estrada Ecoturística de Parelheiros, Jardim Casa Grande,4865005,Hospital,-23.699525,-46.596705
Hospital_10.313.846,,Upa Parelheiros,Rua,Estrada Ecoturística de Parelheiros, Jardim do Centro,4888035,Hospital,-23.469317,-46.53086
Hospital_10.313.846,,Upa Parelheiros,Rua,Estrada Ecoturística de Parelheiros, Jardim dos Álamos,4883025,Hospital,-23.79869,-46.730964
Hospital_10.313.846,,Upa Parelheiros,Rua,Estrada Ecoturística de Parelheiros, Jardim Paulo Afonso,4881005,Hospital,-23.79869,-46.730964
Hospital_10.313.846,,Upa Parelheiros,Rua,Estrada Ecoturística de Parelheiros, Parelheiros,4890380,Hospital,-23.79869,-46.730964
Hospital_10.313.846,,Upa Parelheiros,Rua,Estrada Ecoturística de Parelheiros, Recanto Campo Belo,4880085,Hospital,-23.79869,-46.730964
Hospital_10.313.846,,Upa Parelheiros,Rua,Estrada Ecoturística de Parelheiros, Vila Marcelo,4866015,Hospital,-23.79869,-46.730964
